Product Name,Customer Id,Timespent,Purchases
Gaming Mouse,C1001,46.840613561078335,0
Scented Candles,C1002,21.344005638727392,0
Running Shoes,C1001,7.08391327381338,0
Comfort Pillow,C1003,91.17326846890118,0
