Product Name,Optimal Stock Quantity,Average Daily Demand
Face Serum,34,2.161290322580645
Power Bank,27,2.3548387096774195
Comfort Pillow,29,2.5161290322580645
Wireless Earbuds,28,2.774193548387097
Gaming Mouse,78,6.096774193548387
Cotton Sheets,79,6.483870967741935
Running Shoes,84,6.870967741935484
Yoga Mat,86,6.903225806451613
Hydro Bottle,229,23.387096774193548
Scented Candles,230,23.451612903225808
