"productid","customerid","timespent","purchases"
"PD1002","C1001",46.840613561078335,0
"PD1004","C1002",21.344005638727392,0
"PD1008","C1001",7.08391327381338,0
"PD1010","C1003",91.17326846890118,0
