"product_id","optimal_stock_quantity","avg_daily_demand"
"PD1001",34,2.161290322580645
"PD1003",27,2.3548387096774195
"PD1010",29,2.5161290322580645
"PD1005",28,2.774193548387097
"PD1002",78,6.096774193548387
"PD1009",79,6.483870967741935
"PD1008",84,6.870967741935484
"PD1006",86,6.903225806451613
"PD1007",229,23.387096774193548
"PD1004",230,23.451612903225808
